[
    {
        "data": {
            "message": "User login successful",
            "user_id": 12345
        },
        "raw_log": "INFO: User login successful for user_id=12345",
        "timestamp": "2024-11-17T03:22:13Z"
    },
    {
        "data": {
            "message": "User logout successful",
            "user_id": 12345
        },
        "raw_log": "INFO: User logout successful for user_id=12345",
        "timestamp": "2024-11-17T03:22:13Z"
    },
    {
        "data": {
            "message": "File uploaded",
            "file_name": "document.pdf",
            "user_id": 12345
        },
        "raw_log": "INFO: File uploaded by user_id=12345, file=document.pdf",
        "timestamp": "2024-11-17T03:22:13Z"
    },
    {
        "data": {
            "message": "Error occurred",
            "error_code": 500,
            "details": "Internal Server Error"
        },
        "raw_log": "ERROR: Internal Server Error, error_code=500",
        "timestamp": "2024-11-17T03:22:13Z"
    },
    {
        "data": {
            "message": "New user registered",
            "user_id": 67890,
            "email": "newuser@example.com"
        },
        "raw_log": "INFO: New user registered with user_id=67890, email=newuser@example.com",
        "timestamp": "2024-11-17T03:22:13Z"
    },
    {
        "data": {
            "message": "User login successful",
            "user_id": 12345
        },
        "raw_log": "INFO: User login successful for user_id=12345",
        "timestamp": "2024-11-17T03:22:13Z"
    },
    {
        "data": {
            "message": "User logout successful",
            "user_id": 12345
        },
        "raw_log": "INFO: User logout successful for user_id=12345",
        "timestamp": "2024-11-17T03:23:13Z"
    },
    {
        "data": {
            "message": "File uploaded",
            "file_name": "document1.pdf",
            "user_id": 12345
        },
        "raw_log": "INFO: File uploaded by user_id=12345, file=document1.pdf",
        "timestamp": "2024-11-17T03:24:13Z"
    },
    {
        "data": {
            "message": "Error occurred",
            "error_code": 500,
            "details": "Internal Server Error"
        },
        "raw_log": "ERROR: Internal Server Error, error_code=500",
        "timestamp": "2024-11-17T03:25:13Z"
    },
    {
        "data": {
            "message": "New user registered",
            "user_id": 67890,
            "email": "newuser@example.com"
        },
        "raw_log": "INFO: New user registered with user_id=67890, email=newuser@example.com",
        "timestamp": "2024-11-17T03:26:13Z"
    },
    {
        "data": {
            "message": "Password changed",
            "user_id": 12345
        },
        "raw_log": "INFO: Password changed for user_id=12345",
        "timestamp": "2024-11-17T03:27:13Z"
    },
    {
        "data": {
            "message": "User login failed",
            "user_id": 98765,
            "error_code": 401
        },
        "raw_log": "ERROR: User login failed for user_id=98765, error_code=401",
        "timestamp": "2024-11-17T03:28:13Z"
    },
    {
        "data": {
            "message": "Account locked",
            "user_id": 98765
        },
        "raw_log": "WARNING: Account locked for user_id=98765",
        "timestamp": "2024-11-17T03:29:13Z"
    },
    {
        "data": {
            "message": "File deleted",
            "file_name": "old_document.pdf",
            "user_id": 67890
        },
        "raw_log": "INFO: File deleted by user_id=67890, file=old_document.pdf",
        "timestamp": "2024-11-17T03:30:13Z"
    },
    {
        "data": {
            "message": "Session timeout",
            "user_id": 12345
        },
        "raw_log": "INFO: Session timeout for user_id=12345",
        "timestamp": "2024-11-17T03:31:13Z"
    },
    {
        "data": {
            "message": "User login successful",
            "user_id": 12345
        },
        "raw_log": "INFO: User login successful for user_id=12345",
        "timestamp": "2024-11-17T03:32:13Z"
    },
    {
        "data": {
            "message": "User logout successful",
            "user_id": 12345
        },
        "raw_log": "INFO: User logout successful for user_id=12345",
        "timestamp": "2024-11-17T03:33:13Z"
    },
    {
        "data": {
            "message": "File uploaded",
            "file_name": "document2.pdf",
            "user_id": 12345
        },
        "raw_log": "INFO: File uploaded by user_id=12345, file=document2.pdf",
        "timestamp": "2024-11-17T03:34:13Z"
    },
    {
        "data": {
            "message": "Error occurred",
            "error_code": 500,
            "details": "Internal Server Error"
        },
        "raw_log": "ERROR: Internal Server Error, error_code=500",
        "timestamp": "2024-11-17T03:35:13Z"
    },
    {
        "data": {
            "message": "User login successful",
            "user_id": 12345
        },
        "raw_log": "INFO: User login successful for user_id=12345",
        "timestamp": "2024-11-17T03:22:13Z"
    },
    {
        "data": {
            "message": "User logout successful",
            "user_id": 12345
        },
        "raw_log": "INFO: User logout successful for user_id=12345",
        "timestamp": "2024-11-17T03:23:13Z"
    },
    {
        "data": {
            "message": "File uploaded",
            "file_name": "document1.pdf",
            "user_id": 12345
        },
        "raw_log": "INFO: File uploaded by user_id=12345, file=document1.pdf",
        "timestamp": "2024-11-17T03:24:13Z"
    },
    {
        "data": {
            "message": "Error occurred",
            "error_code": 500,
            "details": "Internal Server Error"
        },
        "raw_log": "ERROR: Internal Server Error, error_code=500",
        "timestamp": "2024-11-17T03:25:13Z"
    },
    {
        "data": {
            "message": "New user registered",
            "user_id": 67890,
            "email": "newuser@example.com"
        },
        "raw_log": "INFO: New user registered with user_id=67890, email=newuser@example.com",
        "timestamp": "2024-11-17T03:26:13Z"
    },
    {
        "data": {
            "message": "Password changed",
            "user_id": 12345
        },
        "raw_log": "INFO: Password changed for user_id=12345",
        "timestamp": "2024-11-17T03:27:13Z"
    },
    {
        "data": {
            "message": "User login failed",
            "user_id": 98765,
            "error_code": 401
        },
        "raw_log": "ERROR: User login failed for user_id=98765, error_code=401",
        "timestamp": "2024-11-17T03:28:13Z"
    },
    {
        "data": {
            "message": "Account locked",
            "user_id": 98765
        },
        "raw_log": "WARNING: Account locked for user_id=98765",
        "timestamp": "2024-11-17T03:29:13Z"
    },
    {
        "data": {
            "message": "File deleted",
            "file_name": "old_document.pdf",
            "user_id": 67890
        },
        "raw_log": "INFO: File deleted by user_id=67890, file=old_document.pdf",
        "timestamp": "2024-11-17T03:30:13Z"
    },
    {
        "data": {
            "message": "Session timeout",
            "user_id": 12345
        },
        "raw_log": "INFO: Session timeout for user_id=12345",
        "timestamp": "2024-11-17T03:31:13Z"
    },
    {
        "data": {
            "message": "User login successful",
            "user_id": 12345
        },
        "raw_log": "INFO: User login successful for user_id=12345",
        "timestamp": "2024-11-17T03:32:13Z"
    },
    {
        "data": {
            "message": "User logout successful",
            "user_id": 12345
        },
        "raw_log": "INFO: User logout successful for user_id=12345",
        "timestamp": "2024-11-17T03:33:13Z"
    },
    {
        "data": {
            "message": "File uploaded",
            "file_name": "document2.pdf",
            "user_id": 12345
        },
        "raw_log": "INFO: File uploaded by user_id=12345, file=document2.pdf",
        "timestamp": "2024-11-17T03:34:13Z"
    },
    {
        "data": {
            "message": "Error occurred",
            "error_code": 500,
            "details": "Internal Server Error"
        },
        "raw_log": "ERROR: Internal Server Error, error_code=500",
        "timestamp": "2024-11-17T03:35:13Z"
    },
    {
        "data": {
            "message": "User login successful",
            "user_id": 12345
        },
        "raw_log": "INFO: User login successful for user_id=12345",
        "timestamp": "2024-11-17T03:22:13Z"
    },
    {
        "data": {
            "message": "User logout successful",
            "user_id": 12345
        },
        "raw_log": "INFO: User logout successful for user_id=12345",
        "timestamp": "2024-11-17T03:23:13Z"
    },
    {
        "data": {
            "message": "File uploaded",
            "file_name": "document1.pdf",
            "user_id": 12345
        },
        "raw_log": "INFO: File uploaded by user_id=12345, file=document1.pdf",
        "timestamp": "2024-11-17T03:24:13Z"
    },
    {
        "data": {
            "message": "Error occurred",
            "error_code": 500,
            "details": "Internal Server Error"
        },
        "raw_log": "ERROR: Internal Server Error, error_code=500",
        "timestamp": "2024-11-17T03:25:13Z"
    },
    {
        "data": {
            "message": "New user registered",
            "user_id": 67890,
            "email": "newuser@example.com"
        },
        "raw_log": "INFO: New user registered with user_id=67890, email=newuser@example.com",
        "timestamp": "2024-11-17T03:26:13Z"
    },
    {
        "data": {
            "message": "Password changed",
            "user_id": 12345
        },
        "raw_log": "INFO: Password changed for user_id=12345",
        "timestamp": "2024-11-17T03:27:13Z"
    },
    {
        "data": {
            "message": "User login failed",
            "user_id": 98765,
            "error_code": 401
        },
        "raw_log": "ERROR: User login failed for user_id=98765, error_code=401",
        "timestamp": "2024-11-17T03:28:13Z"
    },
    {
        "data": {
            "message": "Account locked",
            "user_id": 98765
        },
        "raw_log": "WARNING: Account locked for user_id=98765",
        "timestamp": "2024-11-17T03:29:13Z"
    },
    {
        "data": {
            "message": "File deleted",
            "file_name": "old_document.pdf",
            "user_id": 67890
        },
        "raw_log": "INFO: File deleted by user_id=67890, file=old_document.pdf",
        "timestamp": "2024-11-17T03:30:13Z"
    },
    {
        "data": {
            "message": "Session timeout",
            "user_id": 12345
        },
        "raw_log": "INFO: Session timeout for user_id=12345",
        "timestamp": "2024-11-17T03:31:13Z"
    },
    {
        "data": {
            "message": "User login successful",
            "user_id": 12345
        },
        "raw_log": "INFO: User login successful for user_id=12345",
        "timestamp": "2024-11-17T03:32:13Z"
    },
    {
        "data": {
            "message": "User logout successful",
            "user_id": 12345
        },
        "raw_log": "INFO: User logout successful for user_id=12345",
        "timestamp": "2024-11-17T03:33:13Z"
    },
    {
        "data": {
            "message": "File uploaded",
            "file_name": "document2.pdf",
            "user_id": 12345
        },
        "raw_log": "INFO: File uploaded by user_id=12345, file=document2.pdf",
        "timestamp": "2024-11-17T03:34:13Z"
    },
    {
        "data": {
            "message": "Error occurred",
            "error_code": 500,
            "details": "Internal Server Error"
        },
        "raw_log": "ERROR: Internal Server Error, error_code=500",
        "timestamp": "2024-11-17T03:35:13Z"
    },
    {
        "data": {
            "message": "User login successful",
            "user_id": 12345
        },
        "raw_log": "INFO: User login successful for user_id=12345",
        "timestamp": "2024-11-17T03:22:13Z"
    },
    {
        "data": {
            "message": "User logout successful",
            "user_id": 12345
        },
        "raw_log": "INFO: User logout successful for user_id=12345",
        "timestamp": "2024-11-17T03:23:13Z"
    },
    {
        "data": {
            "message": "File uploaded",
            "file_name": "document1.pdf",
            "user_id": 12345
        },
        "raw_log": "INFO: File uploaded by user_id=12345, file=document1.pdf",
        "timestamp": "2024-11-17T03:24:13Z"
    },
    {
        "data": {
            "message": "Error occurred",
            "error_code": 500,
            "details": "Internal Server Error"
        },
        "raw_log": "ERROR: Internal Server Error, error_code=500",
        "timestamp": "2024-11-17T03:25:13Z"
    },
    {
        "data": {
            "message": "New user registered",
            "user_id": 67890,
            "email": "newuser@example.com"
        },
        "raw_log": "INFO: New user registered with user_id=67890, email=newuser@example.com",
        "timestamp": "2024-11-17T03:26:13Z"
    },
    {
        "data": {
            "message": "Password changed",
            "user_id": 12345
        },
        "raw_log": "INFO: Password changed for user_id=12345",
        "timestamp": "2024-11-17T03:27:13Z"
    },
    {
        "data": {
            "message": "User login failed",
            "user_id": 98765,
            "error_code": 401
        },
        "raw_log": "ERROR: User login failed for user_id=98765, error_code=401",
        "timestamp": "2024-11-17T03:28:13Z"
    },
    {
        "data": {
            "message": "Account locked",
            "user_id": 98765
        },
        "raw_log": "WARNING: Account locked for user_id=98765",
        "timestamp": "2024-11-17T03:29:13Z"
    },
    {
        "data": {
            "message": "File deleted",
            "file_name": "old_document.pdf",
            "user_id": 67890
        },
        "raw_log": "INFO: File deleted by user_id=67890, file=old_document.pdf",
        "timestamp": "2024-11-17T03:30:13Z"
    },
    {
        "data": {
            "message": "Session timeout",
            "user_id": 12345
        },
        "raw_log": "INFO: Session timeout for user_id=12345",
        "timestamp": "2024-11-17T03:31:13Z"
    },
    {
        "data": {
            "message": "User login successful",
            "user_id": 12345
        },
        "raw_log": "INFO: User login successful for user_id=12345",
        "timestamp": "2024-11-17T03:22:13Z"
    },
    {
        "data": {
            "message": "User logout successful",
            "user_id": 12345
        },
        "raw_log": "INFO: User logout successful for user_id=12345",
        "timestamp": "2024-11-17T03:23:13Z"
    },
    {
        "data": {
            "message": "File uploaded",
            "file_name": "document1.pdf",
            "user_id": 12345
        },
        "raw_log": "INFO: File uploaded by user_id=12345, file=document1.pdf",
        "timestamp": "2024-11-17T03:24:13Z"
    },
    {
        "data": {
            "message": "Error occurred",
            "error_code": 500,
            "details": "Internal Server Error"
        },
        "raw_log": "ERROR: Internal Server Error, error_code=500",
        "timestamp": "2024-11-17T03:25:13Z"
    },
    {
        "data": {
            "message": "New user registered",
            "user_id": 67890,
            "email": "newuser@example.com"
        },
        "raw_log": "INFO: New user registered with user_id=67890, email=newuser@example.com",
        "timestamp": "2024-11-17T03:26:13Z"
    },
    {
        "data": {
            "message": "Password changed",
            "user_id": 12345
        },
        "raw_log": "INFO: Password changed for user_id=12345",
        "timestamp": "2024-11-17T03:27:13Z"
    },
    {
        "data": {
            "message": "User login failed",
            "user_id": 98765,
            "error_code": 401
        },
        "raw_log": "ERROR: User login failed for user_id=98765, error_code=401",
        "timestamp": "2024-11-17T03:28:13Z"
    },
    {
        "data": {
            "message": "Account locked",
            "user_id": 98765
        },
        "raw_log": "WARNING: Account locked for user_id=98765",
        "timestamp": "2024-11-17T03:29:13Z"
    },
    {
        "data": {
            "message": "File deleted",
            "file_name": "old_document.pdf",
            "user_id": 67890
        },
        "raw_log": "INFO: File deleted by user_id=67890, file=old_document.pdf",
        "timestamp": "2024-11-17T03:30:13Z"
    },
    {
        "data": {
            "message": "Session timeout",
            "user_id": 12345
        },
        "raw_log": "INFO: Session timeout for user_id=12345",
        "timestamp": "2024-11-17T03:31:13Z"
    },
    {
        "data": {
            "message": "User login successful",
            "user_id": 12345
        },
        "raw_log": "INFO: User login successful for user_id=12345",
        "timestamp": "2024-11-17T03:32:13Z"
    },
    {
        "data": {
            "message": "User logout successful",
            "user_id": 12345
        },
        "raw_log": "INFO: User logout successful for user_id=12345",
        "timestamp": "2024-11-17T03:33:13Z"
    },
    {
        "data": {
            "message": "File uploaded",
            "file_name": "document2.pdf",
            "user_id": 12345
        },
        "raw_log": "INFO: File uploaded by user_id=12345, file=document2.pdf",
        "timestamp": "2024-11-17T03:34:13Z"
    },
    {
        "data": {
            "message": "Error occurred",
            "error_code": 500,
            "details": "Internal Server Error"
        },
        "raw_log": "ERROR: Internal Server Error, error_code=500",
        "timestamp": "2024-11-17T03:35:13Z"
    }
    
]
