[
    {
        "timestamp": "2024-11-18T12:56:35Z",
        "data": "Event 1 data"
    },
    {
        "timestamp": "2024-11-18T12:56:36Z",
        "data": "Event 2 data"
    },
    {
        "timestamp": "2024-11-18T12:56:37Z",
        "data": "Event 3 data"
    },
    {
        "timestamp": "2024-11-18T12:56:38Z",
        "data": "Event 4 data"
    },
    {
        "timestamp": "2024-11-18T12:56:39Z",
        "data": "Event 5 data"
    },
    {
        "timestamp": "2024-11-18T12:56:40Z",
        "data": "Event 6 data"
    },
    {
        "timestamp": "2024-11-18T12:56:41Z",
        "data": "Event 7 data"
    },
    {
        "timestamp": "2024-11-18T12:56:42Z",
        "data": "Event 8 data"
    },
    {
        "timestamp": "2024-11-18T12:56:43Z",
        "data": "Event 9 data"
    },
    {
        "timestamp": "2024-11-18T12:56:44Z",
        "data": "Event 10 data"
    },
    {
        "timestamp": "2024-11-18T12:56:45Z",
        "data": "Event 11 data"
    },
    {
        "timestamp": "2024-11-18T12:56:46Z",
        "data": "Event 12 data"
    },
    {
        "timestamp": "2024-11-18T12:56:47Z",
        "data": "Event 13 data"
    },
    {
        "timestamp": "2024-11-18T12:56:48Z",
        "data": "Event 14 data"
    },
    {
        "timestamp": "2024-11-18T12:56:49Z",
        "data": "Event 15 data"
    },
    {
        "timestamp": "2024-11-18T12:56:50Z",
        "data": "Event 16 data"
    },
    {
        "timestamp": "2024-11-18T12:56:51Z",
        "data": "Event 17 data"
    },
    {
        "timestamp": "2024-11-18T12:56:52Z",
        "data": "Event 18 data"
    },
    {
        "timestamp": "2024-11-18T12:56:53Z",
        "data": "Event 19 data"
    },
    {
        "timestamp": "2024-11-18T12:56:54Z",
        "data": "Event 20 data"
    },
    {
        "timestamp": "2024-11-18T12:56:55Z",
        "data": "Event 21 data"
    },
    {
        "timestamp": "2024-11-18T12:56:56Z",
        "data": "Event 22 data"
    },
    {
        "timestamp": "2024-11-18T12:56:57Z",
        "data": "Event 23 data"
    },
    {
        "timestamp": "2024-11-18T12:56:58Z",
        "data": "Event 24 data"
    },
    {
        "timestamp": "2024-11-18T12:56:59Z",
        "data": "Event 25 data"
    },
    {
        "timestamp": "2024-11-18T12:57:00Z",
        "data": "Event 26 data"
    },
    {
        "timestamp": "2024-11-18T12:57:01Z",
        "data": "Event 27 data"
    },
    {
        "timestamp": "2024-11-18T12:57:02Z",
        "data": "Event 28 data"
    },
    {
        "timestamp": "2024-11-18T12:57:03Z",
        "data": "Event 29 data"
    },
    {
        "timestamp": "2024-11-18T12:57:04Z",
        "data": "Event 30 data"
    },
    {
        "timestamp": "2024-11-18T12:57:05Z",
        "data": "Event 31 data"
    },
    {
        "timestamp": "2024-11-18T12:57:06Z",
        "data": "Event 32 data"
    },
    {
        "timestamp": "2024-11-18T12:57:07Z",
        "data": "Event 33 data"
    },
    {
        "timestamp": "2024-11-18T12:57:08Z",
        "data": "Event 34 data"
    },
    {
        "timestamp": "2024-11-18T12:57:09Z",
        "data": "Event 35 data"
    },
    {
        "timestamp": "2024-11-18T12:57:10Z",
        "data": "Event 36 data"
    },
    {
        "timestamp": "2024-11-18T12:57:11Z",
        "data": "Event 37 data"
    },
    {
        "timestamp": "2024-11-18T12:57:12Z",
        "data": "Event 38 data"
    },
    {
        "timestamp": "2024-11-18T12:57:13Z",
        "data": "Event 39 data"
    },
    {
        "timestamp": "2024-11-18T12:57:14Z",
        "data": "Event 40 data"
    },
    {
        "timestamp": "2024-11-18T12:57:15Z",
        "data": "Event 41 data"
    },
    {
        "timestamp": "2024-11-18T12:57:16Z",
        "data": "Event 42 data"
    },
    {
        "timestamp": "2024-11-18T12:57:17Z",
        "data": "Event 43 data"
    },
    {
        "timestamp": "2024-11-18T12:57:18Z",
        "data": "Event 44 data"
    },
    {
        "timestamp": "2024-11-18T12:57:19Z",
        "data": "Event 45 data"
    },
    {
        "timestamp": "2024-11-18T12:57:20Z",
        "data": "Event 46 data"
    },
    {
        "timestamp": "2024-11-18T12:57:21Z",
        "data": "Event 47 data"
    },
    {
        "timestamp": "2024-11-18T12:57:22Z",
        "data": "Event 48 data"
    },
    {
        "timestamp": "2024-11-18T12:57:23Z",
        "data": "Event 49 data"
    },
    {
        "timestamp": "2024-11-18T12:57:24Z",
        "data": "Event 50 data"
    }
]
